[
  {
    "__type__": "cc.SpriteFrame",
    "content": {
      "name": "frame-2",
      "texture": "1eUFGsWoJDGIuoxp9kKr/h",
      "rect": [
        48,
        48,
        104,
        104
      ],
      "offset": [
        0,
        0
      ],
      "originalSize": [
        200,
        200
      ],
      "capInsets": [
        0,
        0,
        0,
        0
      ]
    }
  },
  {
    "__type__": "cc.SpriteFrame",
    "content": {
      "name": "frame-11",
      "texture": "fcB7VZ86pG8YWamkUFmRaR",
      "rect": [
        48,
        48,
        104,
        104
      ],
      "offset": [
        0,
        0
      ],
      "originalSize": [
        200,
        200
      ],
      "capInsets": [
        0,
        0,
        0,
        0
      ]
    }
  },
  {
    "__type__": "cc.SpriteFrame",
    "content": {
      "name": "frame-5",
      "texture": "57a2o6SyRDNZ9dG9wrBFOf",
      "rect": [
        48,
        48,
        104,
        104
      ],
      "offset": [
        0,
        0
      ],
      "originalSize": [
        200,
        200
      ],
      "capInsets": [
        0,
        0,
        0,
        0
      ]
    }
  },
  {
    "__type__": "cc.SpriteFrame",
    "content": {
      "name": "frame-3",
      "texture": "66u0fVHPNGA77FK8Fta+JS",
      "rect": [
        48,
        48,
        104,
        104
      ],
      "offset": [
        0,
        0
      ],
      "originalSize": [
        200,
        200
      ],
      "capInsets": [
        0,
        0,
        0,
        0
      ]
    }
  },
  {
    "__type__": "cc.SpriteFrame",
    "content": {
      "name": "frame-21",
      "texture": "d3FLtS/4RLloaWRn8QjZWu",
      "rect": [
        48,
        48,
        104,
        104
      ],
      "offset": [
        0,
        0
      ],
      "originalSize": [
        200,
        200
      ],
      "capInsets": [
        0,
        0,
        0,
        0
      ]
    }
  },
  {
    "__type__": "cc.SpriteFrame",
    "content": {
      "name": "Seat",
      "texture": "2adrEgQM5JkpNtFq2SF+aa",
      "rect": [
        0,
        0,
        129,
        129
      ],
      "offset": [
        0,
        0
      ],
      "originalSize": [
        129,
        129
      ],
      "capInsets": [
        0,
        0,
        0,
        0
      ]
    }
  },
  {
    "__type__": "cc.SpriteFrame",
    "content": {
      "name": "frame-19",
      "texture": "92irLcL9hLOrZGsDffq33L",
      "rect": [
        48,
        48,
        104,
        104
      ],
      "offset": [
        0,
        0
      ],
      "originalSize": [
        200,
        200
      ],
      "capInsets": [
        0,
        0,
        0,
        0
      ]
    }
  },
  {
    "__type__": "cc.SpriteFrame",
    "content": {
      "name": "frame-12",
      "texture": "14vb/Yh5RI0Y+G/hZ6t/M7",
      "rect": [
        48,
        48,
        104,
        104
      ],
      "offset": [
        0,
        0
      ],
      "originalSize": [
        200,
        200
      ],
      "capInsets": [
        0,
        0,
        0,
        0
      ]
    }
  },
  {
    "__type__": "cc.SpriteFrame",
    "content": {
      "name": "frame-6",
      "texture": "e7m4YWMXpFfKWpRKccSFyh",
      "rect": [
        48,
        48,
        104,
        104
      ],
      "offset": [
        0,
        0
      ],
      "originalSize": [
        200,
        200
      ],
      "capInsets": [
        0,
        0,
        0,
        0
      ]
    }
  },
  {
    "__type__": "cc.SpriteFrame",
    "content": {
      "name": "default",
      "texture": "b51CaFkGFMj4B/V33Lcf6n",
      "rect": [
        0,
        0,
        120,
        120
      ],
      "offset": [
        0,
        0
      ],
      "originalSize": [
        120,
        120
      ],
      "capInsets": [
        0,
        0,
        0,
        0
      ]
    }
  },
  {
    "__type__": "cc.SpriteFrame",
    "content": {
      "name": "background",
      "texture": "8cdKRazVRGWI9If85z9z5s",
      "rect": [
        0,
        0,
        1345,
        974
      ],
      "offset": [
        0,
        0
      ],
      "originalSize": [
        1345,
        974
      ],
      "capInsets": [
        0,
        0,
        0,
        0
      ]
    }
  },
  {
    "__type__": "cc.SpriteFrame",
    "content": {
      "name": "frame-16",
      "texture": "99tm7mqFxASo1a7ZOnLqQZ",
      "rect": [
        48,
        48,
        104,
        104
      ],
      "offset": [
        0,
        0
      ],
      "originalSize": [
        200,
        200
      ],
      "capInsets": [
        0,
        0,
        0,
        0
      ]
    }
  },
  [
    {
      "__type__": "cc.Prefab",
      "_name": "OnlinePlayer",
      "data": {
        "__id__": 1
      }
    },
    {
      "__type__": "cc.Node",
      "_name": "OnlinePlayer",
      "_children": [
        {
          "__id__": 2
        },
        {
          "__id__": 4
        }
      ],
      "_level": 1,
      "_components": [
        {
          "__type__": "cc.Widget",
          "node": {
            "__id__": 1
          },
          "_alignFlags": 40
        },
        {
          "__type__": "8d713FALlRLVrvU+8BCpXSL",
          "node": {
            "__id__": 1
          },
          "avatar": {
            "__id__": 3
          },
          "displayName": {
            "__id__": 5
          }
        }
      ],
      "_prefab": {
        "__type__": "cc.PrefabInfo",
        "root": {
          "__id__": 1
        },
        "asset": {
          "__uuid__": "87yGeX+k1G2oJj7UyDzSYs"
        },
        "fileId": "95/NGvUodJA5JKwGfMDWxZ"
      },
      "_contentSize": {
        "__type__": "cc.Size",
        "width": 2732,
        "height": 200
      },
      "_position": {
        "__type__": "cc.Vec3",
        "x": 1366,
        "y": 618
      },
      "_scale": {
        "__type__": "cc.Vec3",
        "x": 1,
        "y": 1,
        "z": 1
      }
    },
    {
      "__type__": "cc.Node",
      "_name": "avatar",
      "_parent": {
        "__id__": 1
      },
      "_level": 4,
      "_components": [
        {
          "__id__": 3
        },
        {
          "__type__": "cc.Widget",
          "node": {
            "__id__": 2
          },
          "_alignFlags": 8,
          "_left": 40
        }
      ],
      "_prefab": {
        "__type__": "cc.PrefabInfo",
        "root": {
          "__id__": 1
        },
        "asset": {
          "__uuid__": "87yGeX+k1G2oJj7UyDzSYs"
        },
        "fileId": "5fc+Hx2N1LIrRYwX0+NjHo"
      },
      "_contentSize": {
        "__type__": "cc.Size",
        "width": 120,
        "height": 120
      },
      "_position": {
        "__type__": "cc.Vec3",
        "x": -1266
      },
      "_scale": {
        "__type__": "cc.Vec3",
        "x": 1,
        "y": 1,
        "z": 1
      }
    },
    {
      "__type__": "cc.Sprite",
      "node": {
        "__id__": 2
      },
      "_spriteFrame": {
        "__uuid__": "53VcHu721KnqERnWPC/ta0"
      },
      "_sizeMode": 0
    },
    {
      "__type__": "cc.Node",
      "_name": "name",
      "_parent": {
        "__id__": 1
      },
      "_level": 4,
      "_components": [
        {
          "__id__": 5
        }
      ],
      "_prefab": {
        "__type__": "cc.PrefabInfo",
        "root": {
          "__id__": 1
        },
        "asset": {
          "__uuid__": "87yGeX+k1G2oJj7UyDzSYs"
        },
        "fileId": "56X0/eCbJL3aXcVi0VSzfU"
      },
      "_contentSize": {
        "__type__": "cc.Size",
        "width": 157.87,
        "height": 40
      },
      "_scale": {
        "__type__": "cc.Vec3",
        "x": 1,
        "y": 1,
        "z": 1
      }
    },
    {
      "__type__": "cc.Label",
      "node": {
        "__id__": 4
      },
      "_srcBlendFactor": 1,
      "_useOriginalSize": false,
      "_string": "Player_1",
      "_N$string": "Player_1",
      "_N$horizontalAlign": 1,
      "_N$verticalAlign": 1
    }
  ],
  {
    "__type__": "cc.SpriteFrame",
    "content": {
      "name": "frame-9",
      "texture": "b9NE8SWNZH/JY/Z6Vxw6nS",
      "rect": [
        48,
        48,
        104,
        104
      ],
      "offset": [
        0,
        0
      ],
      "originalSize": [
        200,
        200
      ],
      "capInsets": [
        0,
        0,
        0,
        0
      ]
    }
  },
  [
    {
      "__type__": "cc.SceneAsset",
      "_name": "Game",
      "scene": {
        "__id__": 1
      },
      "asyncLoadAssets": null
    },
    {
      "__type__": "cc.Scene",
      "_name": "New Node",
      "_children": [
        {
          "__id__": 2
        }
      ],
      "_anchorPoint": {
        "__type__": "cc.Vec2"
      },
      "_scale": {
        "__type__": "cc.Vec3",
        "x": 0.19453098948245695,
        "y": 0.19453098948245695,
        "z": 0.19453098948245695
      },
      "autoReleaseAssets": false
    },
    {
      "__type__": "cc.Node",
      "_name": "Canvas",
      "_parent": {
        "__id__": 1
      },
      "_children": [
        {
          "__id__": 3
        },
        {
          "__id__": 4
        },
        {
          "__id__": 49
        }
      ],
      "_components": [
        {
          "__type__": "cc.Canvas",
          "node": {
            "__id__": 2
          },
          "_designResolution": {
            "__type__": "cc.Size",
            "width": 2732,
            "height": 1536
          },
          "_fitWidth": true,
          "_fitHeight": false
        },
        {
          "__type__": "6fdc0OYmpFA16vQr4DRUDer",
          "node": {
            "__id__": 2
          },
          "loadingscreen": {
            "__id__": 52
          },
          "MenuGame": {
            "__id__": 48
          }
        }
      ],
      "_contentSize": {
        "__type__": "cc.Size",
        "width": 2732,
        "height": 1536
      },
      "_position": {
        "__type__": "cc.Vec3",
        "x": 1366,
        "y": 768
      },
      "_scale": {
        "__type__": "cc.Vec3",
        "x": 1,
        "y": 1,
        "z": 1
      },
      "_id": "45KDGdXvNFpLWt7ZsVcBPZ"
    },
    {
      "__type__": "cc.Node",
      "_name": "Main Camera",
      "_parent": {
        "__id__": 2
      },
      "_level": 1,
      "_components": [
        {
          "__type__": "cc.Camera",
          "node": {
            "__id__": 3
          },
          "_clearFlags": 7,
          "_depth": -1
        }
      ],
      "_scale": {
        "__type__": "cc.Vec3",
        "x": 1,
        "y": 1,
        "z": 1
      }
    },
    {
      "__type__": "cc.Node",
      "_name": "MenuGame",
      "_parent": {
        "__id__": 2
      },
      "_children": [
        {
          "__id__": 5
        },
        {
          "__id__": 6
        },
        {
          "__id__": 7
        },
        {
          "__id__": 41
        },
        {
          "__id__": 42
        }
      ],
      "_components": [
        {
          "__type__": "cc.Widget",
          "node": {
            "__id__": 4
          },
          "alignMode": 0,
          "_alignFlags": 45
        },
        {
          "__id__": 48
        }
      ],
      "_contentSize": {
        "__type__": "cc.Size",
        "width": 2732,
        "height": 1536
      },
      "_scale": {
        "__type__": "cc.Vec3",
        "x": 1,
        "y": 1,
        "z": 1
      }
    },
    {
      "__type__": "cc.Node",
      "_name": "Background",
      "_objFlags": 512,
      "_parent": {
        "__id__": 4
      },
      "_level": 1,
      "_components": [
        {
          "__type__": "cc.Sprite",
          "node": {
            "__id__": 5
          },
          "_spriteFrame": {
            "__uuid__": "54HB5zHypDr5q2Aq+hdT2n"
          },
          "_sizeMode": 0
        },
        {
          "__type__": "cc.Widget",
          "node": {
            "__id__": 5
          },
          "_alignFlags": 45,
          "_originalWidth": 1345,
          "_originalHeight": 974
        }
      ],
      "_contentSize": {
        "__type__": "cc.Size",
        "width": 1092.8,
        "height": 614.4
      },
      "_scale": {
        "__type__": "cc.Vec3",
        "x": 2.5,
        "y": 2.5,
        "z": 2.5
      }
    },
    {
      "__type__": "cc.Node",
      "_name": "Table",
      "_parent": {
        "__id__": 4
      },
      "_level": 1,
      "_components": [
        {
          "__type__": "cc.Sprite",
          "node": {
            "__id__": 6
          },
          "_spriteFrame": {
            "__uuid__": "d6yhHNFFBBhIqZ6VcSggf0"
          },
          "_sizeMode": 0
        },
        {
          "__type__": "cc.Widget",
          "node": {
            "__id__": 6
          },
          "alignMode": 0,
          "_left": 86.38888888888891,
          "_right": 86.38888888888891,
          "_top": -141,
          "_bottom": -141,
          "_originalWidth": 1345,
          "_originalHeight": 956
        }
      ],
      "_contentSize": {
        "__type__": "cc.Size",
        "width": 1345,
        "height": 956
      },
      "_position": {
        "__type__": "cc.Vec3",
        "y": 30
      },
      "_scale": {
        "__type__": "cc.Vec3",
        "x": 2,
        "y": 2,
        "z": 2
      }
    },
    {
      "__type__": "cc.Node",
      "_name": "Seats",
      "_parent": {
        "__id__": 4
      },
      "_children": [
        {
          "__id__": 8
        },
        {
          "__id__": 16
        },
        {
          "__id__": 24
        },
        {
          "__id__": 32
        }
      ],
      "_level": 1,
      "_components": [
        {
          "__id__": 40
        }
      ],
      "_position": {
        "__type__": "cc.Vec3",
        "y": 30
      },
      "_scale": {
        "__type__": "cc.Vec3",
        "x": 1.5,
        "y": 1.5,
        "z": 1.5
      }
    },
    {
      "__type__": "cc.Node",
      "_name": "Seat_0",
      "_parent": {
        "__id__": 7
      },
      "_children": [
        {
          "__id__": 9
        }
      ],
      "_level": 2,
      "_components": [
        {
          "__type__": "cc.Sprite",
          "node": {
            "__id__": 8
          },
          "_spriteFrame": {
            "__uuid__": "31b9FHeLRA0rvOikYRsik1"
          }
        },
        {
          "__type__": "cc.Button",
          "node": {
            "__id__": 8
          },
          "clickEvents": [
            {
              "__type__": "cc.ClickEvent",
              "target": {
                "__id__": 4
              },
              "_componentId": "3da6c2KFnVCRYg4359XJTFF",
              "handler": "requestSeat",
              "customEventData": "0"
            }
          ]
        },
        {
          "__type__": "4ddfe7i0wlOipA2CLsOlSkc",
          "node": {
            "__id__": 8
          },
          "displayNode": {
            "__id__": 9
          },
          "avatar": {
            "__id__": 14
          },
          "userName": {
            "__id__": 11
          },
          "hostIcon": {
            "__id__": 15
          }
        }
      ],
      "_contentSize": {
        "__type__": "cc.Size",
        "width": 129,
        "height": 129
      },
      "_position": {
        "__type__": "cc.Vec3",
        "x": 30,
        "y": -427
      },
      "_scale": {
        "__type__": "cc.Vec3",
        "x": 1,
        "y": 1,
        "z": 1
      }
    },
    {
      "__type__": "cc.Node",
      "_name": "display",
      "_parent": {
        "__id__": 8
      },
      "_children": [
        {
          "__id__": 10
        },
        {
          "__id__": 12
        },
        {
          "__id__": 15
        }
      ],
      "_level": 3,
      "_contentSize": {
        "__type__": "cc.Size",
        "width": 120,
        "height": 120
      },
      "_scale": {
        "__type__": "cc.Vec3",
        "x": 1,
        "y": 1,
        "z": 1
      }
    },
    {
      "__type__": "cc.Node",
      "_name": "name",
      "_parent": {
        "__id__": 9
      },
      "_level": 4,
      "_components": [
        {
          "__id__": 11
        }
      ],
      "_contentSize": {
        "__type__": "cc.Size",
        "width": 97.81,
        "height": 40
      },
      "_position": {
        "__type__": "cc.Vec3",
        "x": 132,
        "y": 43
      },
      "_scale": {
        "__type__": "cc.Vec3",
        "x": 1,
        "y": 1,
        "z": 1
      }
    },
    {
      "__type__": "cc.Label",
      "node": {
        "__id__": 10
      },
      "_srcBlendFactor": 1,
      "_useOriginalSize": false,
      "_string": "Maya",
      "_N$string": "Maya",
      "_N$horizontalAlign": 1,
      "_N$verticalAlign": 1
    },
    {
      "__type__": "cc.Node",
      "_name": "mask",
      "_parent": {
        "__id__": 9
      },
      "_children": [
        {
          "__id__": 13
        }
      ],
      "_level": 4,
      "_components": [
        {
          "__type__": "cc.Mask",
          "node": {
            "__id__": 12
          },
          "_type": 1
        }
      ],
      "_contentSize": {
        "__type__": "cc.Size",
        "width": 120,
        "height": 120
      },
      "_scale": {
        "__type__": "cc.Vec3",
        "x": 1,
        "y": 1,
        "z": 1
      }
    },
    {
      "__type__": "cc.Node",
      "_name": "avatar",
      "_parent": {
        "__id__": 12
      },
      "_level": 5,
      "_components": [
        {
          "__id__": 14
        }
      ],
      "_contentSize": {
        "__type__": "cc.Size",
        "width": 120,
        "height": 120
      },
      "_scale": {
        "__type__": "cc.Vec3",
        "x": 1,
        "y": 1,
        "z": 1
      }
    },
    {
      "__type__": "cc.Sprite",
      "node": {
        "__id__": 13
      },
      "_spriteFrame": {
        "__uuid__": "53VcHu721KnqERnWPC/ta0"
      },
      "_sizeMode": 0
    },
    {
      "__type__": "cc.Node",
      "_name": "hostIcon",
      "_parent": {
        "__id__": 9
      },
      "_level": 4,
      "_components": [
        {
          "__type__": "cc.Sprite",
          "node": {
            "__id__": 15
          },
          "_spriteFrame": {
            "__uuid__": "fciEbPgnVJgKtQmSrMLOIn"
          },
          "_sizeMode": 0
        }
      ],
      "_color": {
        "__type__": "cc.Color",
        "r": 255
      },
      "_contentSize": {
        "__type__": "cc.Size",
        "width": 30,
        "height": 30
      },
      "_position": {
        "__type__": "cc.Vec3",
        "x": 57,
        "y": 54
      },
      "_scale": {
        "__type__": "cc.Vec3",
        "x": 1,
        "y": 1,
        "z": 1
      }
    },
    {
      "__type__": "cc.Node",
      "_name": "Seat_1",
      "_parent": {
        "__id__": 7
      },
      "_children": [
        {
          "__id__": 17
        }
      ],
      "_level": 2,
      "_components": [
        {
          "__type__": "cc.Sprite",
          "node": {
            "__id__": 16
          },
          "_spriteFrame": {
            "__uuid__": "31b9FHeLRA0rvOikYRsik1"
          }
        },
        {
          "__type__": "cc.Button",
          "node": {
            "__id__": 16
          },
          "clickEvents": [
            {
              "__type__": "cc.ClickEvent",
              "target": {
                "__id__": 4
              },
              "_componentId": "3da6c2KFnVCRYg4359XJTFF",
              "handler": "requestSeat",
              "customEventData": "1"
            }
          ]
        },
        {
          "__type__": "4ddfe7i0wlOipA2CLsOlSkc",
          "node": {
            "__id__": 16
          },
          "displayNode": {
            "__id__": 17
          },
          "avatar": {
            "__id__": 22
          },
          "userName": {
            "__id__": 19
          },
          "hostIcon": {
            "__id__": 23
          }
        }
      ],
      "_contentSize": {
        "__type__": "cc.Size",
        "width": 129,
        "height": 129
      },
      "_position": {
        "__type__": "cc.Vec3",
        "x": -732
      },
      "_scale": {
        "__type__": "cc.Vec3",
        "x": 1,
        "y": 1,
        "z": 1
      }
    },
    {
      "__type__": "cc.Node",
      "_name": "display",
      "_parent": {
        "__id__": 16
      },
      "_children": [
        {
          "__id__": 18
        },
        {
          "__id__": 20
        },
        {
          "__id__": 23
        }
      ],
      "_level": 3,
      "_contentSize": {
        "__type__": "cc.Size",
        "width": 120,
        "height": 120
      },
      "_scale": {
        "__type__": "cc.Vec3",
        "x": 1,
        "y": 1,
        "z": 1
      }
    },
    {
      "__type__": "cc.Node",
      "_name": "name",
      "_parent": {
        "__id__": 17
      },
      "_level": 4,
      "_components": [
        {
          "__id__": 19
        }
      ],
      "_contentSize": {
        "__type__": "cc.Size",
        "width": 97.81,
        "height": 40
      },
      "_position": {
        "__type__": "cc.Vec3",
        "x": 132,
        "y": 43
      },
      "_scale": {
        "__type__": "cc.Vec3",
        "x": 1,
        "y": 1,
        "z": 1
      }
    },
    {
      "__type__": "cc.Label",
      "node": {
        "__id__": 18
      },
      "_srcBlendFactor": 1,
      "_useOriginalSize": false,
      "_string": "Mayb",
      "_N$string": "Mayb",
      "_N$horizontalAlign": 1,
      "_N$verticalAlign": 1
    },
    {
      "__type__": "cc.Node",
      "_name": "mask",
      "_parent": {
        "__id__": 17
      },
      "_children": [
        {
          "__id__": 21
        }
      ],
      "_level": 4,
      "_components": [
        {
          "__type__": "cc.Mask",
          "node": {
            "__id__": 20
          },
          "_type": 1
        }
      ],
      "_contentSize": {
        "__type__": "cc.Size",
        "width": 120,
        "height": 120
      },
      "_scale": {
        "__type__": "cc.Vec3",
        "x": 1,
        "y": 1,
        "z": 1
      }
    },
    {
      "__type__": "cc.Node",
      "_name": "avatar",
      "_parent": {
        "__id__": 20
      },
      "_level": 5,
      "_components": [
        {
          "__id__": 22
        }
      ],
      "_contentSize": {
        "__type__": "cc.Size",
        "width": 120,
        "height": 120
      },
      "_scale": {
        "__type__": "cc.Vec3",
        "x": 1,
        "y": 1,
        "z": 1
      }
    },
    {
      "__type__": "cc.Sprite",
      "node": {
        "__id__": 21
      },
      "_spriteFrame": {
        "__uuid__": "53VcHu721KnqERnWPC/ta0"
      },
      "_sizeMode": 0
    },
    {
      "__type__": "cc.Node",
      "_name": "hostIcon",
      "_parent": {
        "__id__": 17
      },
      "_level": 4,
      "_components": [
        {
          "__type__": "cc.Sprite",
          "node": {
            "__id__": 23
          },
          "_spriteFrame": {
            "__uuid__": "fciEbPgnVJgKtQmSrMLOIn"
          },
          "_sizeMode": 0
        }
      ],
      "_color": {
        "__type__": "cc.Color",
        "r": 255
      },
      "_contentSize": {
        "__type__": "cc.Size",
        "width": 30,
        "height": 30
      },
      "_position": {
        "__type__": "cc.Vec3",
        "x": 57,
        "y": 54
      },
      "_scale": {
        "__type__": "cc.Vec3",
        "x": 1,
        "y": 1,
        "z": 1
      }
    },
    {
      "__type__": "cc.Node",
      "_name": "Seat_2",
      "_parent": {
        "__id__": 7
      },
      "_children": [
        {
          "__id__": 25
        }
      ],
      "_level": 2,
      "_components": [
        {
          "__type__": "cc.Sprite",
          "node": {
            "__id__": 24
          },
          "_spriteFrame": {
            "__uuid__": "31b9FHeLRA0rvOikYRsik1"
          }
        },
        {
          "__type__": "cc.Button",
          "node": {
            "__id__": 24
          },
          "clickEvents": [
            {
              "__type__": "cc.ClickEvent",
              "target": {
                "__id__": 4
              },
              "_componentId": "3da6c2KFnVCRYg4359XJTFF",
              "handler": "requestSeat",
              "customEventData": "2"
            }
          ]
        },
        {
          "__type__": "4ddfe7i0wlOipA2CLsOlSkc",
          "node": {
            "__id__": 24
          },
          "displayNode": {
            "__id__": 25
          },
          "avatar": {
            "__id__": 30
          },
          "userName": {
            "__id__": 27
          },
          "hostIcon": {
            "__id__": 31
          }
        }
      ],
      "_contentSize": {
        "__type__": "cc.Size",
        "width": 129,
        "height": 129
      },
      "_position": {
        "__type__": "cc.Vec3",
        "x": -26,
        "y": 361
      },
      "_scale": {
        "__type__": "cc.Vec3",
        "x": 1,
        "y": 1,
        "z": 1
      }
    },
    {
      "__type__": "cc.Node",
      "_name": "display",
      "_parent": {
        "__id__": 24
      },
      "_children": [
        {
          "__id__": 26
        },
        {
          "__id__": 28
        },
        {
          "__id__": 31
        }
      ],
      "_level": 3,
      "_contentSize": {
        "__type__": "cc.Size",
        "width": 120,
        "height": 120
      },
      "_scale": {
        "__type__": "cc.Vec3",
        "x": 1,
        "y": 1,
        "z": 1
      }
    },
    {
      "__type__": "cc.Node",
      "_name": "name",
      "_parent": {
        "__id__": 25
      },
      "_level": 4,
      "_components": [
        {
          "__id__": 27
        }
      ],
      "_contentSize": {
        "__type__": "cc.Size",
        "width": 95.57,
        "height": 40
      },
      "_position": {
        "__type__": "cc.Vec3",
        "x": 132,
        "y": 43
      },
      "_scale": {
        "__type__": "cc.Vec3",
        "x": 1,
        "y": 1,
        "z": 1
      }
    },
    {
      "__type__": "cc.Label",
      "node": {
        "__id__": 26
      },
      "_srcBlendFactor": 1,
      "_useOriginalSize": false,
      "_string": "Mayc",
      "_N$string": "Mayc",
      "_N$horizontalAlign": 1,
      "_N$verticalAlign": 1
    },
    {
      "__type__": "cc.Node",
      "_name": "mask",
      "_parent": {
        "__id__": 25
      },
      "_children": [
        {
          "__id__": 29
        }
      ],
      "_level": 4,
      "_components": [
        {
          "__type__": "cc.Mask",
          "node": {
            "__id__": 28
          },
          "_type": 1
        }
      ],
      "_contentSize": {
        "__type__": "cc.Size",
        "width": 120,
        "height": 120
      },
      "_scale": {
        "__type__": "cc.Vec3",
        "x": 1,
        "y": 1,
        "z": 1
      }
    },
    {
      "__type__": "cc.Node",
      "_name": "avatar",
      "_parent": {
        "__id__": 28
      },
      "_level": 5,
      "_components": [
        {
          "__id__": 30
        }
      ],
      "_contentSize": {
        "__type__": "cc.Size",
        "width": 120,
        "height": 120
      },
      "_scale": {
        "__type__": "cc.Vec3",
        "x": 1,
        "y": 1,
        "z": 1
      }
    },
    {
      "__type__": "cc.Sprite",
      "node": {
        "__id__": 29
      },
      "_spriteFrame": {
        "__uuid__": "53VcHu721KnqERnWPC/ta0"
      },
      "_sizeMode": 0
    },
    {
      "__type__": "cc.Node",
      "_name": "hostIcon",
      "_parent": {
        "__id__": 25
      },
      "_level": 4,
      "_components": [
        {
          "__type__": "cc.Sprite",
          "node": {
            "__id__": 31
          },
          "_spriteFrame": {
            "__uuid__": "fciEbPgnVJgKtQmSrMLOIn"
          },
          "_sizeMode": 0
        }
      ],
      "_color": {
        "__type__": "cc.Color",
        "r": 255
      },
      "_contentSize": {
        "__type__": "cc.Size",
        "width": 30,
        "height": 30
      },
      "_position": {
        "__type__": "cc.Vec3",
        "x": 57,
        "y": 54
      },
      "_scale": {
        "__type__": "cc.Vec3",
        "x": 1,
        "y": 1,
        "z": 1
      }
    },
    {
      "__type__": "cc.Node",
      "_name": "Seat_3",
      "_parent": {
        "__id__": 7
      },
      "_children": [
        {
          "__id__": 33
        }
      ],
      "_level": 2,
      "_components": [
        {
          "__type__": "cc.Sprite",
          "node": {
            "__id__": 32
          },
          "_spriteFrame": {
            "__uuid__": "31b9FHeLRA0rvOikYRsik1"
          }
        },
        {
          "__type__": "cc.Button",
          "node": {
            "__id__": 32
          },
          "clickEvents": [
            {
              "__type__": "cc.ClickEvent",
              "target": {
                "__id__": 4
              },
              "_componentId": "3da6c2KFnVCRYg4359XJTFF",
              "handler": "requestSeat",
              "customEventData": "3"
            }
          ]
        },
        {
          "__type__": "4ddfe7i0wlOipA2CLsOlSkc",
          "node": {
            "__id__": 32
          },
          "displayNode": {
            "__id__": 33
          },
          "avatar": {
            "__id__": 38
          },
          "userName": {
            "__id__": 35
          },
          "hostIcon": {
            "__id__": 39
          }
        }
      ],
      "_contentSize": {
        "__type__": "cc.Size",
        "width": 129,
        "height": 129
      },
      "_position": {
        "__type__": "cc.Vec3",
        "x": 733
      },
      "_scale": {
        "__type__": "cc.Vec3",
        "x": 1,
        "y": 1,
        "z": 1
      }
    },
    {
      "__type__": "cc.Node",
      "_name": "display",
      "_parent": {
        "__id__": 32
      },
      "_children": [
        {
          "__id__": 34
        },
        {
          "__id__": 36
        },
        {
          "__id__": 39
        }
      ],
      "_level": 3,
      "_contentSize": {
        "__type__": "cc.Size",
        "width": 120,
        "height": 120
      },
      "_scale": {
        "__type__": "cc.Vec3",
        "x": 1,
        "y": 1,
        "z": 1
      }
    },
    {
      "__type__": "cc.Node",
      "_name": "name",
      "_parent": {
        "__id__": 33
      },
      "_level": 4,
      "_components": [
        {
          "__id__": 35
        }
      ],
      "_contentSize": {
        "__type__": "cc.Size",
        "width": 97.81,
        "height": 40
      },
      "_position": {
        "__type__": "cc.Vec3",
        "x": 132,
        "y": 43
      },
      "_scale": {
        "__type__": "cc.Vec3",
        "x": 1,
        "y": 1,
        "z": 1
      }
    },
    {
      "__type__": "cc.Label",
      "node": {
        "__id__": 34
      },
      "_srcBlendFactor": 1,
      "_useOriginalSize": false,
      "_string": "Mayd",
      "_N$string": "Mayd",
      "_N$horizontalAlign": 1,
      "_N$verticalAlign": 1
    },
    {
      "__type__": "cc.Node",
      "_name": "mask",
      "_parent": {
        "__id__": 33
      },
      "_children": [
        {
          "__id__": 37
        }
      ],
      "_level": 4,
      "_components": [
        {
          "__type__": "cc.Mask",
          "node": {
            "__id__": 36
          },
          "_type": 1
        }
      ],
      "_contentSize": {
        "__type__": "cc.Size",
        "width": 120,
        "height": 120
      },
      "_scale": {
        "__type__": "cc.Vec3",
        "x": 1,
        "y": 1,
        "z": 1
      }
    },
    {
      "__type__": "cc.Node",
      "_name": "avatar",
      "_parent": {
        "__id__": 36
      },
      "_level": 5,
      "_components": [
        {
          "__id__": 38
        }
      ],
      "_contentSize": {
        "__type__": "cc.Size",
        "width": 120,
        "height": 120
      },
      "_scale": {
        "__type__": "cc.Vec3",
        "x": 1,
        "y": 1,
        "z": 1
      }
    },
    {
      "__type__": "cc.Sprite",
      "node": {
        "__id__": 37
      },
      "_spriteFrame": {
        "__uuid__": "53VcHu721KnqERnWPC/ta0"
      },
      "_sizeMode": 0
    },
    {
      "__type__": "cc.Node",
      "_name": "hostIcon",
      "_parent": {
        "__id__": 33
      },
      "_level": 4,
      "_components": [
        {
          "__type__": "cc.Sprite",
          "node": {
            "__id__": 39
          },
          "_spriteFrame": {
            "__uuid__": "fciEbPgnVJgKtQmSrMLOIn"
          },
          "_sizeMode": 0
        }
      ],
      "_color": {
        "__type__": "cc.Color",
        "r": 255
      },
      "_contentSize": {
        "__type__": "cc.Size",
        "width": 30,
        "height": 30
      },
      "_position": {
        "__type__": "cc.Vec3",
        "x": 57,
        "y": 54
      },
      "_scale": {
        "__type__": "cc.Vec3",
        "x": 1,
        "y": 1,
        "z": 1
      }
    },
    {
      "__type__": "74de1Lk4mZPVZQQT0cxQyC0",
      "node": {
        "__id__": 7
      }
    },
    {
      "__type__": "cc.Node",
      "_name": "OnlineButton",
      "_parent": {
        "__id__": 4
      },
      "_level": 1,
      "_components": [
        {
          "__type__": "cc.Widget",
          "node": {
            "__id__": 41
          },
          "_alignFlags": 32
        },
        {
          "__type__": "cc.Button",
          "node": {
            "__id__": 41
          }
        }
      ],
      "_contentSize": {
        "__type__": "cc.Size",
        "width": 150,
        "height": 150
      },
      "_position": {
        "__type__": "cc.Vec3",
        "x": 1291,
        "y": 515
      },
      "_scale": {
        "__type__": "cc.Vec3",
        "x": 1,
        "y": 1,
        "z": 1
      }
    },
    {
      "__type__": "cc.Node",
      "_name": "OnlineList",
      "_parent": {
        "__id__": 4
      },
      "_children": [
        {
          "__id__": 43
        },
        {
          "__id__": 44
        },
        {
          "__id__": 45
        },
        {
          "__id__": 46
        }
      ],
      "_level": 1,
      "_components": [
        {
          "__type__": "cc.Widget",
          "node": {
            "__id__": 42
          },
          "_alignFlags": 37,
          "_left": 2731,
          "_originalWidth": 1,
          "_originalHeight": 800
        },
        {
          "__id__": 47
        }
      ],
      "_contentSize": {
        "__type__": "cc.Size",
        "width": 700,
        "height": 1536
      },
      "_position": {
        "__type__": "cc.Vec3",
        "x": 1016
      },
      "_scale": {
        "__type__": "cc.Vec3",
        "x": 1,
        "y": 1,
        "z": 1
      }
    },
    {
      "__type__": "cc.Node",
      "_name": "bg",
      "_parent": {
        "__id__": 42
      },
      "_level": 2,
      "_components": [
        {
          "__type__": "cc.Widget",
          "node": {
            "__id__": 43
          },
          "_alignFlags": 45
        },
        {
          "__type__": "cc.Sprite",
          "node": {
            "__id__": 43
          },
          "_spriteFrame": {
            "__uuid__": "fciEbPgnVJgKtQmSrMLOIn"
          },
          "_sizeMode": 0
        }
      ],
      "_opacity": 114,
      "_color": {
        "__type__": "cc.Color",
        "r": 10,
        "g": 109,
        "b": 30
      },
      "_contentSize": {
        "__type__": "cc.Size",
        "width": 700,
        "height": 1536
      },
      "_scale": {
        "__type__": "cc.Vec3",
        "x": 1,
        "y": 1,
        "z": 1
      }
    },
    {
      "__type__": "cc.Node",
      "_name": "Close",
      "_parent": {
        "__id__": 42
      },
      "_level": 2,
      "_components": [
        {
          "__type__": "cc.Widget",
          "node": {
            "__id__": 44
          },
          "_alignFlags": 9
        }
      ],
      "_contentSize": {
        "__type__": "cc.Size",
        "width": 100,
        "height": 100
      },
      "_position": {
        "__type__": "cc.Vec3",
        "x": -300,
        "y": 718
      },
      "_scale": {
        "__type__": "cc.Vec3",
        "x": 1,
        "y": 1,
        "z": 1
      }
    },
    {
      "__type__": "cc.Node",
      "_name": "Title",
      "_parent": {
        "__id__": 42
      },
      "_level": 2,
      "_components": [
        {
          "__type__": "cc.Label",
          "node": {
            "__id__": 45
          },
          "_srcBlendFactor": 1,
          "_useOriginalSize": false,
          "_string": "Online",
          "_N$string": "Online",
          "_fontSize": 60,
          "_lineHeight": 60,
          "_N$horizontalAlign": 1,
          "_N$verticalAlign": 1,
          "_N$overflow": 1
        },
        {
          "__type__": "cc.Widget",
          "node": {
            "__id__": 45
          },
          "_alignFlags": 41,
          "_originalWidth": 97.87
        }
      ],
      "_contentSize": {
        "__type__": "cc.Size",
        "width": 700,
        "height": 100
      },
      "_position": {
        "__type__": "cc.Vec3",
        "y": 718
      },
      "_scale": {
        "__type__": "cc.Vec3",
        "x": 1,
        "y": 1,
        "z": 1
      }
    },
    {
      "__type__": "cc.Node",
      "_name": "List",
      "_parent": {
        "__id__": 42
      },
      "_level": 2,
      "_components": [
        {
          "__type__": "cc.Widget",
          "node": {
            "__id__": 46
          },
          "_alignFlags": 45,
          "_top": 100
        },
        {
          "__type__": "cc.Layout",
          "node": {
            "__id__": 46
          },
          "_layoutSize": {
            "__type__": "cc.Size",
            "width": 700,
            "height": 1436
          },
          "_N$layoutType": 2
        }
      ],
      "_contentSize": {
        "__type__": "cc.Size",
        "width": 700,
        "height": 1436
      },
      "_position": {
        "__type__": "cc.Vec3",
        "y": -50
      },
      "_scale": {
        "__type__": "cc.Vec3",
        "x": 1,
        "y": 1,
        "z": 1
      }
    },
    {
      "__type__": "d40495QQd5JxZ/RsnyKE6qY",
      "node": {
        "__id__": 42
      },
      "listNode": {
        "__id__": 46
      },
      "onlinePlayer": {
        "__uuid__": "87yGeX+k1G2oJj7UyDzSYs"
      }
    },
    {
      "__type__": "3da6c2KFnVCRYg4359XJTFF",
      "node": {
        "__id__": 4
      },
      "onlineList": {
        "__id__": 47
      },
      "SeatMgr": {
        "__id__": 40
      }
    },
    {
      "__type__": "cc.Node",
      "_name": "Loading",
      "_parent": {
        "__id__": 2
      },
      "_children": [
        {
          "__id__": 50
        },
        {
          "__id__": 51
        }
      ],
      "_active": false,
      "_components": [
        {
          "__type__": "cc.Widget",
          "node": {
            "__id__": 49
          },
          "alignMode": 0,
          "_alignFlags": 45
        },
        {
          "__id__": 52
        }
      ],
      "_contentSize": {
        "__type__": "cc.Size",
        "width": 2732,
        "height": 1536
      },
      "_scale": {
        "__type__": "cc.Vec3",
        "x": 1,
        "y": 1,
        "z": 1
      }
    },
    {
      "__type__": "cc.Node",
      "_name": "Background",
      "_parent": {
        "__id__": 49
      },
      "_components": [
        {
          "__type__": "cc.Sprite",
          "node": {
            "__id__": 50
          },
          "_spriteFrame": {
            "__uuid__": "a2MjXRFdtLlYQ5ouAFv/+R"
          },
          "_sizeMode": 0
        },
        {
          "__type__": "cc.Widget",
          "node": {
            "__id__": 50
          },
          "alignMode": 0,
          "_alignFlags": 45,
          "_originalWidth": 100,
          "_originalHeight": 100
        },
        {
          "__type__": "cc.BlockInputEvents",
          "node": {
            "__id__": 50
          }
        }
      ],
      "_opacity": 175.185,
      "_color": {
        "__type__": "cc.Color"
      },
      "_contentSize": {
        "__type__": "cc.Size",
        "width": 2732,
        "height": 1536
      },
      "_scale": {
        "__type__": "cc.Vec3",
        "x": 1,
        "y": 1,
        "z": 1
      }
    },
    {
      "__type__": "cc.Node",
      "_name": "Spinner",
      "_parent": {
        "__id__": 49
      },
      "_components": [
        {
          "__type__": "cc.Sprite",
          "node": {
            "__id__": 51
          },
          "_spriteFrame": {
            "__uuid__": "ccEsQ/A8JGR7bRnbxyZKcH"
          }
        },
        {
          "__type__": "cc.Animation",
          "node": {
            "__id__": 51
          },
          "_defaultClip": {
            "__uuid__": "cabXkubvJEl44NxY7HL0XK"
          },
          "_clips": [
            {
              "__uuid__": "cabXkubvJEl44NxY7HL0XK"
            }
          ],
          "playOnLoad": true
        }
      ],
      "_contentSize": {
        "__type__": "cc.Size",
        "width": 104,
        "height": 104
      },
      "_scale": {
        "__type__": "cc.Vec3",
        "x": 1,
        "y": 1,
        "z": 1
      }
    },
    {
      "__type__": "bba4bhNnylJQI4PQc5nWGaO",
      "node": {
        "__id__": 49
      }
    }
  ],
  {
    "__type__": "cc.SpriteFrame",
    "content": {
      "name": "default_sprite_splash",
      "texture": "02delMVqdBD70a/HSD99FK",
      "rect": [
        0,
        0,
        2,
        2
      ],
      "offset": [
        0,
        0
      ],
      "originalSize": [
        2,
        2
      ],
      "capInsets": [
        0,
        0,
        0,
        0
      ]
    }
  },
  {
    "__type__": "cc.SpriteFrame",
    "content": {
      "name": "frame-7",
      "texture": "28XwvVthRAB5ltJ/vNq6AK",
      "rect": [
        48,
        48,
        104,
        104
      ],
      "offset": [
        0,
        0
      ],
      "originalSize": [
        200,
        200
      ],
      "capInsets": [
        0,
        0,
        0,
        0
      ]
    }
  },
  {
    "__type__": "cc.SpriteFrame",
    "content": {
      "name": "frame-15",
      "texture": "c8yvF1B1FKM7bZbhIpWkGo",
      "rect": [
        48,
        48,
        104,
        104
      ],
      "offset": [
        0,
        0
      ],
      "originalSize": [
        200,
        200
      ],
      "capInsets": [
        0,
        0,
        0,
        0
      ]
    }
  },
  {
    "__type__": "cc.SpriteFrame",
    "content": {
      "name": "frame-17",
      "texture": "16FGsWsIZJWIUmufHNRQSD",
      "rect": [
        48,
        48,
        104,
        104
      ],
      "offset": [
        0,
        0
      ],
      "originalSize": [
        200,
        200
      ],
      "capInsets": [
        0,
        0,
        0,
        0
      ]
    }
  },
  {
    "__type__": "cc.SpriteFrame",
    "content": {
      "name": "frame-28",
      "texture": "74b3sOpA9OoZWmCQ0IpCiK",
      "rect": [
        48,
        48,
        104,
        104
      ],
      "offset": [
        0,
        0
      ],
      "originalSize": [
        200,
        200
      ],
      "capInsets": [
        0,
        0,
        0,
        0
      ]
    }
  },
  {
    "__type__": "cc.SpriteFrame",
    "content": {
      "name": "frame-4",
      "texture": "940lJS5k5P+IHQi50lBhuk",
      "rect": [
        48,
        48,
        104,
        104
      ],
      "offset": [
        0,
        0
      ],
      "originalSize": [
        200,
        200
      ],
      "capInsets": [
        0,
        0,
        0,
        0
      ]
    }
  },
  {
    "__type__": "cc.SpriteFrame",
    "content": {
      "name": "frame-24",
      "texture": "43vB2vET9BKYpKOL+y0iSC",
      "rect": [
        48,
        48,
        104,
        104
      ],
      "offset": [
        0,
        0
      ],
      "originalSize": [
        200,
        200
      ],
      "capInsets": [
        0,
        0,
        0,
        0
      ]
    }
  },
  {
    "__type__": "cc.SpriteFrame",
    "content": {
      "name": "frame-1",
      "texture": "10tmRch2lO7Jpv40kgi5mX",
      "rect": [
        48,
        48,
        104,
        104
      ],
      "offset": [
        0,
        0
      ],
      "originalSize": [
        200,
        200
      ],
      "capInsets": [
        0,
        0,
        0,
        0
      ]
    }
  },
  {
    "__type__": "cc.SpriteFrame",
    "content": {
      "name": "frame-14",
      "texture": "e92OZtgL1IqoKZbJwcyJtJ",
      "rect": [
        48,
        48,
        104,
        104
      ],
      "offset": [
        0,
        0
      ],
      "originalSize": [
        200,
        200
      ],
      "capInsets": [
        0,
        0,
        0,
        0
      ]
    }
  },
  {
    "__type__": "cc.SpriteFrame",
    "content": {
      "name": "frame-10",
      "texture": "3b4u53J3lC95Jj8VI0hLBb",
      "rect": [
        48,
        48,
        104,
        104
      ],
      "offset": [
        0,
        0
      ],
      "originalSize": [
        200,
        200
      ],
      "capInsets": [
        0,
        0,
        0,
        0
      ]
    }
  },
  {
    "__type__": "cc.SpriteFrame",
    "content": {
      "name": "frame-20",
      "texture": "088VxFS0xBsKgYrHaKFmjR",
      "rect": [
        48,
        48,
        104,
        104
      ],
      "offset": [
        0,
        0
      ],
      "originalSize": [
        200,
        200
      ],
      "capInsets": [
        0,
        0,
        0,
        0
      ]
    }
  },
  {
    "__type__": "cc.AnimationClip",
    "_name": "Spinner",
    "_duration": 1,
    "sample": 30,
    "wrapMode": "2",
    "curveData": {
      "comps": {
        "cc.Sprite": {
          "spriteFrame": [
            {
              "frame": 0,
              "value": {
                "__uuid__": "ccEsQ/A8JGR7bRnbxyZKcH"
              }
            },
            {
              "frame": 0.03333333333333333,
              "value": {
                "__uuid__": "b5KwyrhupJsKFmjZbVPzjU"
              }
            },
            {
              "frame": 0.06666666666666667,
              "value": {
                "__uuid__": "0b8rts3slPwKdpF2dGJl+L"
              }
            },
            {
              "frame": 0.1,
              "value": {
                "__uuid__": "28C551CNVOqqJvkRc6+a68"
              }
            },
            {
              "frame": 0.13333333333333333,
              "value": {
                "__uuid__": "b1x8EtquNJepPwa2kWXIrh"
              }
            },
            {
              "frame": 0.16666666666666666,
              "value": {
                "__uuid__": "15QG41dptBA50aA9KYdpes"
              }
            },
            {
              "frame": 0.2,
              "value": {
                "__uuid__": "46YNosGNJMyLx+ZzKzn0jg"
              }
            },
            {
              "frame": 0.23333333333333334,
              "value": {
                "__uuid__": "a99PoYgFlLm6chXFIcjj2r"
              }
            },
            {
              "frame": 0.26666666666666666,
              "value": {
                "__uuid__": "f6Ev6OHOtCuKIlxlreEEFr"
              }
            },
            {
              "frame": 0.3,
              "value": {
                "__uuid__": "91R49vIwRJ0bP5GrmERQ4l"
              }
            },
            {
              "frame": 0.3333333333333333,
              "value": {
                "__uuid__": "b8+11Hz99HKJK6gB0B/EHN"
              }
            },
            {
              "frame": 0.36666666666666664,
              "value": {
                "__uuid__": "10NqWh1ZVNNb1kEAe6VyRk"
              }
            },
            {
              "frame": 0.4,
              "value": {
                "__uuid__": "44dmFC6MZOeZQTnbVfGBsk"
              }
            },
            {
              "frame": 0.43333333333333335,
              "value": {
                "__uuid__": "e8T6Y0sUNIG7LXnzqyNkl7"
              }
            },
            {
              "frame": 0.4666666666666667,
              "value": {
                "__uuid__": "b5Xf8bsV5M7ITS/1xUK7SQ"
              }
            },
            {
              "frame": 0.5,
              "value": {
                "__uuid__": "abEu7yE+xFJYkvW/gdDVKa"
              }
            },
            {
              "frame": 0.5333333333333333,
              "value": {
                "__uuid__": "73Whe0ryFBKrsyv0LKUx8f"
              }
            },
            {
              "frame": 0.5666666666666667,
              "value": {
                "__uuid__": "adg0WekRFO1ofUR5zFx0E6"
              }
            },
            {
              "frame": 0.6,
              "value": {
                "__uuid__": "eaMw1eYONBfb4or/Wyln9Q"
              }
            },
            {
              "frame": 0.6333333333333333,
              "value": {
                "__uuid__": "38det8xJhJ2ZfUs4B15/m5"
              }
            },
            {
              "frame": 0.6666666666666666,
              "value": {
                "__uuid__": "c8OZ5xgSZKzqn88BXz1u4r"
              }
            },
            {
              "frame": 0.7,
              "value": {
                "__uuid__": "30ejq0mR9OuaEd6lAaAHj5"
              }
            },
            {
              "frame": 0.7333333333333333,
              "value": {
                "__uuid__": "f8/bfpk0lFK5bE3OT2/6HA"
              }
            },
            {
              "frame": 0.7666666666666667,
              "value": {
                "__uuid__": "cdCpGSfvdD9KXxh1/xnhj3"
              }
            },
            {
              "frame": 0.8,
              "value": {
                "__uuid__": "b3su6z3WVHla5+rCnFLIBF"
              }
            },
            {
              "frame": 0.8333333333333334,
              "value": {
                "__uuid__": "d11bjveO1A1bpcDIkIfMzG"
              }
            },
            {
              "frame": 0.8666666666666667,
              "value": {
                "__uuid__": "e3okltdVFCxZqgUPZ/Lt5T"
              }
            },
            {
              "frame": 0.9,
              "value": {
                "__uuid__": "da7hLlmR9FFr0NTlXOp5af"
              }
            },
            {
              "frame": 0.9333333333333333,
              "value": {
                "__uuid__": "aejgqWTTlBK7K4cRaMMDzr"
              }
            },
            {
              "frame": 0.9666666666666667,
              "value": {
                "__uuid__": "eexkE8GPpHzrow+rrVFrZe"
              }
            }
          ]
        }
      }
    }
  },
  {
    "__type__": "cc.SpriteFrame",
    "content": {
      "name": "frame-0",
      "texture": "65oLWRJP1LppfrquGq0zJI",
      "rect": [
        48,
        48,
        104,
        104
      ],
      "offset": [
        0,
        0
      ],
      "originalSize": [
        200,
        200
      ],
      "capInsets": [
        0,
        0,
        0,
        0
      ]
    }
  },
  {
    "__type__": "cc.SpriteFrame",
    "content": {
      "name": "frame-23",
      "texture": "f0gBiPJv9MqIzLC4FogROp",
      "rect": [
        48,
        48,
        104,
        104
      ],
      "offset": [
        0,
        0
      ],
      "originalSize": [
        200,
        200
      ],
      "capInsets": [
        0,
        0,
        0,
        0
      ]
    }
  },
  {
    "__type__": "cc.SpriteFrame",
    "content": {
      "name": "frame-25",
      "texture": "09CmdrqXlGY5s5K9B/pwDM",
      "rect": [
        48,
        48,
        104,
        104
      ],
      "offset": [
        0,
        0
      ],
      "originalSize": [
        200,
        200
      ],
      "capInsets": [
        0,
        0,
        0,
        0
      ]
    }
  },
  {
    "__type__": "cc.SpriteFrame",
    "content": {
      "name": "Table",
      "texture": "563SnIfX1JvrKpvqhjz9uG",
      "rect": [
        0,
        0,
        1345,
        956
      ],
      "offset": [
        0,
        0
      ],
      "originalSize": [
        1345,
        956
      ],
      "capInsets": [
        0,
        0,
        0,
        0
      ]
    }
  },
  {
    "__type__": "cc.SpriteFrame",
    "content": {
      "name": "frame-27",
      "texture": "16gFl4oFJNVZzD1sYdkgj0",
      "rect": [
        48,
        48,
        104,
        104
      ],
      "offset": [
        0,
        0
      ],
      "originalSize": [
        200,
        200
      ],
      "capInsets": [
        0,
        0,
        0,
        0
      ]
    }
  },
  {
    "__type__": "cc.SpriteFrame",
    "content": {
      "name": "frame-26",
      "texture": "0aXzALL5hHgp28nA30NCyN",
      "rect": [
        48,
        48,
        104,
        104
      ],
      "offset": [
        0,
        0
      ],
      "originalSize": [
        200,
        200
      ],
      "capInsets": [
        0,
        0,
        0,
        0
      ]
    }
  },
  {
    "__type__": "cc.SpriteFrame",
    "content": {
      "name": "frame-13",
      "texture": "03w5fB6Y1J3Zsm1hLLvjHx",
      "rect": [
        48,
        48,
        104,
        104
      ],
      "offset": [
        0,
        0
      ],
      "originalSize": [
        200,
        200
      ],
      "capInsets": [
        0,
        0,
        0,
        0
      ]
    }
  },
  {
    "__type__": "cc.SpriteFrame",
    "content": {
      "name": "frame-18",
      "texture": "8cY0mURtdIxIRg0MEnOIK2",
      "rect": [
        48,
        48,
        104,
        104
      ],
      "offset": [
        0,
        0
      ],
      "originalSize": [
        200,
        200
      ],
      "capInsets": [
        0,
        0,
        0,
        0
      ]
    }
  },
  {
    "__type__": "cc.SpriteFrame",
    "content": {
      "name": "frame-29",
      "texture": "70a1Vi2qZK54Y+Aio1W29s",
      "rect": [
        48,
        48,
        104,
        104
      ],
      "offset": [
        0,
        0
      ],
      "originalSize": [
        200,
        200
      ],
      "capInsets": [
        0,
        0,
        0,
        0
      ]
    }
  },
  {
    "__type__": "cc.SpriteFrame",
    "content": {
      "name": "frame-8",
      "texture": "dcL0NEGkpIjof1LU6oiuw/",
      "rect": [
        48,
        48,
        104,
        104
      ],
      "offset": [
        0,
        0
      ],
      "originalSize": [
        200,
        200
      ],
      "capInsets": [
        0,
        0,
        0,
        0
      ]
    }
  },
  {
    "__type__": "cc.SpriteFrame",
    "content": {
      "name": "frame-22",
      "texture": "8bZOzddudDx6uCDgl6MU/8",
      "rect": [
        48,
        48,
        104,
        104
      ],
      "offset": [
        0,
        0
      ],
      "originalSize": [
        200,
        200
      ],
      "capInsets": [
        0,
        0,
        0,
        0
      ]
    }
  },
  {
    "__type__": "cc.SpriteFrame",
    "content": {
      "name": "pixel",
      "texture": "52aqQOagZAr7gOyJyvhyiP",
      "rect": [
        0,
        0,
        1,
        1
      ],
      "offset": [
        0,
        0
      ],
      "originalSize": [
        1,
        1
      ],
      "capInsets": [
        0,
        0,
        0,
        0
      ]
    }
  }
]