[
  {
    "__type__": "cc.SpriteFrame",
    "content": {
      "name": "splash",
      "texture": "05Y2FQZu9KPaOdgxfrt5t5",
      "rect": [
        0,
        0,
        900,
        546
      ],
      "offset": [
        0,
        0
      ],
      "originalSize": [
        900,
        546
      ],
      "capInsets": [
        0,
        0,
        0,
        0
      ]
    }
  },
  [
    {
      "__type__": "cc.SceneAsset",
      "_name": "Boot",
      "scene": {
        "__id__": 1
      },
      "asyncLoadAssets": null
    },
    {
      "__type__": "cc.Scene",
      "_name": "New Node",
      "_children": [
        {
          "__id__": 2
        },
        {
          "__id__": 9
        },
        {
          "__id__": 10
        }
      ],
      "_anchorPoint": {
        "__type__": "cc.Vec2"
      },
      "_scale": {
        "__type__": "cc.Vec3",
        "x": 0.21412884333821378,
        "y": 0.21412884333821378,
        "z": 0.21412884333821378
      },
      "autoReleaseAssets": false
    },
    {
      "__type__": "cc.Node",
      "_name": "Canvas",
      "_parent": {
        "__id__": 1
      },
      "_children": [
        {
          "__id__": 3
        },
        {
          "__id__": 4
        }
      ],
      "_components": [
        {
          "__type__": "cc.Canvas",
          "node": {
            "__id__": 2
          },
          "_designResolution": {
            "__type__": "cc.Size",
            "width": 2732,
            "height": 1536
          },
          "_fitWidth": true,
          "_fitHeight": false
        }
      ],
      "_contentSize": {
        "__type__": "cc.Size",
        "width": 2732,
        "height": 1536
      },
      "_position": {
        "__type__": "cc.Vec3",
        "x": 1366,
        "y": 768
      },
      "_scale": {
        "__type__": "cc.Vec3",
        "x": 1,
        "y": 1,
        "z": 1
      },
      "_id": "cb8O5dRYdJSrx1T1udHsu/"
    },
    {
      "__type__": "cc.Node",
      "_name": "Main Camera",
      "_parent": {
        "__id__": 2
      },
      "_level": 1,
      "_components": [
        {
          "__type__": "cc.Camera",
          "node": {
            "__id__": 3
          },
          "_clearFlags": 7,
          "_depth": -1
        }
      ],
      "_scale": {
        "__type__": "cc.Vec3",
        "x": 1,
        "y": 1,
        "z": 1
      }
    },
    {
      "__type__": "cc.Node",
      "_name": "Splash",
      "_parent": {
        "__id__": 2
      },
      "_children": [
        {
          "__id__": 5
        }
      ],
      "_components": [
        {
          "__type__": "cc.Sprite",
          "node": {
            "__id__": 4
          },
          "_spriteFrame": {
            "__uuid__": "18i7YwpzRIvK4iogrfWZnZ"
          },
          "_isTrimmedMode": false
        },
        {
          "__type__": "80631w+RZ5H+7f9tY+E1ACU",
          "node": {
            "__id__": 4
          },
          "loadingBar": {
            "__id__": 8
          }
        }
      ],
      "_contentSize": {
        "__type__": "cc.Size",
        "width": 900,
        "height": 546
      },
      "_position": {
        "__type__": "cc.Vec3",
        "y": -66
      },
      "_scale": {
        "__type__": "cc.Vec3",
        "x": 3.1,
        "y": 3.1,
        "z": 1
      }
    },
    {
      "__type__": "cc.Node",
      "_name": "progress",
      "_parent": {
        "__id__": 4
      },
      "_children": [
        {
          "__id__": 6
        }
      ],
      "_components": [
        {
          "__type__": "cc.Sprite",
          "node": {
            "__id__": 5
          },
          "_spriteFrame": {
            "__uuid__": "8855/VlrRKd6H0MSRnFxAU"
          },
          "_sizeMode": 0
        },
        {
          "__id__": 8
        }
      ],
      "_contentSize": {
        "__type__": "cc.Size",
        "width": 150,
        "height": 20
      },
      "_position": {
        "__type__": "cc.Vec3",
        "y": -197
      },
      "_scale": {
        "__type__": "cc.Vec3",
        "x": 1,
        "y": 1,
        "z": 1
      }
    },
    {
      "__type__": "cc.Node",
      "_name": "bar",
      "_parent": {
        "__id__": 5
      },
      "_components": [
        {
          "__id__": 7
        }
      ],
      "_contentSize": {
        "__type__": "cc.Size",
        "height": 20
      },
      "_anchorPoint": {
        "__type__": "cc.Vec2",
        "y": 0.5
      },
      "_position": {
        "__type__": "cc.Vec3",
        "x": -75
      },
      "_scale": {
        "__type__": "cc.Vec3",
        "x": 1,
        "y": 1,
        "z": 1
      }
    },
    {
      "__type__": "cc.Sprite",
      "node": {
        "__id__": 6
      },
      "_spriteFrame": {
        "__uuid__": "675ovJ2tVK2aLYfgPUWOMv"
      },
      "_type": 1,
      "_sizeMode": 0
    },
    {
      "__type__": "cc.ProgressBar",
      "node": {
        "__id__": 5
      },
      "_N$totalLength": 150,
      "_N$barSprite": {
        "__id__": 7
      },
      "_N$progress": 0
    },
    {
      "__type__": "cc.Node",
      "_name": "GSMgr",
      "_parent": {
        "__id__": 1
      },
      "_level": 1,
      "_components": [
        {
          "__type__": "7cd406IC5ZDRI6eEwFTyXcS",
          "node": {
            "__id__": 9
          },
          "APIKey": "j356603E53FA",
          "Secret": "SCWcCimJ27E9MWBwAXn2kJ9lKes90KiC"
        }
      ],
      "_scale": {
        "__type__": "cc.Vec3",
        "x": 1,
        "y": 1,
        "z": 1
      },
      "_id": "d2PqbZIXhKibblPJNguXQ5"
    },
    {
      "__type__": "cc.Node",
      "_name": "GameMgr",
      "_parent": {
        "__id__": 1
      },
      "_level": 1,
      "_components": [
        {
          "__type__": "a5fb64GKmdDNKpXe7dabX33",
          "node": {
            "__id__": 10
          }
        }
      ],
      "_scale": {
        "__type__": "cc.Vec3",
        "x": 1,
        "y": 1,
        "z": 1
      },
      "_id": "1cJ8x1ddNOHJZMK0wlB5j7"
    }
  ],
  {
    "__type__": "cc.SpriteFrame",
    "content": {
      "name": "default_progressbar",
      "texture": "cf73jxyN9Jt47QTJU6ziYh",
      "rect": [
        0,
        0,
        30,
        15
      ],
      "offset": [
        0,
        0
      ],
      "originalSize": [
        30,
        15
      ],
      "capInsets": [
        10,
        4,
        10,
        4
      ]
    }
  },
  {
    "__type__": "cc.SpriteFrame",
    "content": {
      "name": "default_progressbar_bg",
      "texture": "99FwsL0hBG8bITfZ4/IwmK",
      "rect": [
        0,
        0,
        60,
        15
      ],
      "offset": [
        0,
        0
      ],
      "originalSize": [
        60,
        15
      ],
      "capInsets": [
        10,
        4,
        10,
        4
      ]
    }
  }
]